,UNIT_NAME,STAT_NAME,ITEM_CODE1,STAT_CODE,ITEM_CODE2,ITEM_CODE3,ITEM_NAME1,ITEM_NAME2,DATA_VALUE,ITEM_NAME3,TIME
0,연%,2.6.한국은행 기준금리 및 여수신금리,0101000,098Y001, , ,한국은행 기준금리, ,2, ,201501
1,연%,2.6.한국은행 기준금리 및 여수신금리,0101000,098Y001, , ,한국은행 기준금리, ,2, ,201502
2,연%,2.6.한국은행 기준금리 및 여수신금리,0101000,098Y001, , ,한국은행 기준금리, ,1.75, ,201503
3,연%,2.6.한국은행 기준금리 및 여수신금리,0101000,098Y001, , ,한국은행 기준금리, ,1.75, ,201504
4,연%,2.6.한국은행 기준금리 및 여수신금리,0101000,098Y001, , ,한국은행 기준금리, ,1.75, ,201505
5,연%,2.6.한국은행 기준금리 및 여수신금리,0101000,098Y001, , ,한국은행 기준금리, ,1.5, ,201506
6,연%,2.6.한국은행 기준금리 및 여수신금리,0101000,098Y001, , ,한국은행 기준금리, ,1.5, ,201507
7,연%,2.6.한국은행 기준금리 및 여수신금리,0101000,098Y001, , ,한국은행 기준금리, ,1.5, ,201508
8,연%,2.6.한국은행 기준금리 및 여수신금리,0101000,098Y001, , ,한국은행 기준금리, ,1.5, ,201509
9,연%,2.6.한국은행 기준금리 및 여수신금리,0101000,098Y001, , ,한국은행 기준금리, ,1.5, ,201510
10,연%,2.6.한국은행 기준금리 및 여수신금리,0101000,098Y001, , ,한국은행 기준금리, ,1.5, ,201511
11,연%,2.6.한국은행 기준금리 및 여수신금리,0101000,098Y001, , ,한국은행 기준금리, ,1.5, ,201512
12,연%,2.6.한국은행 기준금리 및 여수신금리,0101000,098Y001, , ,한국은행 기준금리, ,1.5, ,201601
13,연%,2.6.한국은행 기준금리 및 여수신금리,0101000,098Y001, , ,한국은행 기준금리, ,1.5, ,201602
14,연%,2.6.한국은행 기준금리 및 여수신금리,0101000,098Y001, , ,한국은행 기준금리, ,1.5, ,201603
15,연%,2.6.한국은행 기준금리 및 여수신금리,0101000,098Y001, , ,한국은행 기준금리, ,1.5, ,201604
16,연%,2.6.한국은행 기준금리 및 여수신금리,0101000,098Y001, , ,한국은행 기준금리, ,1.5, ,201605
17,연%,2.6.한국은행 기준금리 및 여수신금리,0101000,098Y001, , ,한국은행 기준금리, ,1.25, ,201606
18,연%,2.6.한국은행 기준금리 및 여수신금리,0101000,098Y001, , ,한국은행 기준금리, ,1.25, ,201607
19,연%,2.6.한국은행 기준금리 및 여수신금리,0101000,098Y001, , ,한국은행 기준금리, ,1.25, ,201608
20,연%,2.6.한국은행 기준금리 및 여수신금리,0101000,098Y001, , ,한국은행 기준금리, ,1.25, ,201609
21,연%,2.6.한국은행 기준금리 및 여수신금리,0101000,098Y001, , ,한국은행 기준금리, ,1.25, ,201610
22,연%,2.6.한국은행 기준금리 및 여수신금리,0101000,098Y001, , ,한국은행 기준금리, ,1.25, ,201611
23,연%,2.6.한국은행 기준금리 및 여수신금리,0101000,098Y001, , ,한국은행 기준금리, ,1.25, ,201612
24,연%,2.6.한국은행 기준금리 및 여수신금리,0101000,098Y001, , ,한국은행 기준금리, ,1.25, ,201701
25,연%,2.6.한국은행 기준금리 및 여수신금리,0101000,098Y001, , ,한국은행 기준금리, ,1.25, ,201702
26,연%,2.6.한국은행 기준금리 및 여수신금리,0101000,098Y001, , ,한국은행 기준금리, ,1.25, ,201703
27,연%,2.6.한국은행 기준금리 및 여수신금리,0101000,098Y001, , ,한국은행 기준금리, ,1.25, ,201704
28,연%,2.6.한국은행 기준금리 및 여수신금리,0101000,098Y001, , ,한국은행 기준금리, ,1.25, ,201705
29,연%,2.6.한국은행 기준금리 및 여수신금리,0101000,098Y001, , ,한국은행 기준금리, ,1.25, ,201706
30,연%,2.6.한국은행 기준금리 및 여수신금리,0101000,098Y001, , ,한국은행 기준금리, ,1.25, ,201707
31,연%,2.6.한국은행 기준금리 및 여수신금리,0101000,098Y001, , ,한국은행 기준금리, ,1.25, ,201708
32,연%,2.6.한국은행 기준금리 및 여수신금리,0101000,098Y001, , ,한국은행 기준금리, ,1.25, ,201709
33,연%,2.6.한국은행 기준금리 및 여수신금리,0101000,098Y001, , ,한국은행 기준금리, ,1.25, ,201710
34,연%,2.6.한국은행 기준금리 및 여수신금리,0101000,098Y001, , ,한국은행 기준금리, ,1.5, ,201711
35,연%,2.6.한국은행 기준금리 및 여수신금리,0101000,098Y001, , ,한국은행 기준금리, ,1.5, ,201712
36,연%,2.6.한국은행 기준금리 및 여수신금리,0101000,098Y001, , ,한국은행 기준금리, ,1.5, ,201801
37,연%,2.6.한국은행 기준금리 및 여수신금리,0101000,098Y001, , ,한국은행 기준금리, ,1.5, ,201802
38,연%,2.6.한국은행 기준금리 및 여수신금리,0101000,098Y001, , ,한국은행 기준금리, ,1.5, ,201803
39,연%,2.6.한국은행 기준금리 및 여수신금리,0101000,098Y001, , ,한국은행 기준금리, ,1.5, ,201804
40,연%,2.6.한국은행 기준금리 및 여수신금리,0101000,098Y001, , ,한국은행 기준금리, ,1.5, ,201805
41,연%,2.6.한국은행 기준금리 및 여수신금리,0101000,098Y001, , ,한국은행 기준금리, ,1.5, ,201806
42,연%,2.6.한국은행 기준금리 및 여수신금리,0101000,098Y001, , ,한국은행 기준금리, ,1.5, ,201807
43,연%,2.6.한국은행 기준금리 및 여수신금리,0101000,098Y001, , ,한국은행 기준금리, ,1.5, ,201808
44,연%,2.6.한국은행 기준금리 및 여수신금리,0101000,098Y001, , ,한국은행 기준금리, ,1.5, ,201809
45,연%,2.6.한국은행 기준금리 및 여수신금리,0101000,098Y001, , ,한국은행 기준금리, ,1.5, ,201810
46,연%,2.6.한국은행 기준금리 및 여수신금리,0101000,098Y001, , ,한국은행 기준금리, ,1.75, ,201811
47,연%,2.6.한국은행 기준금리 및 여수신금리,0101000,098Y001, , ,한국은행 기준금리, ,1.75, ,201812
48,연%,2.6.한국은행 기준금리 및 여수신금리,0101000,098Y001, , ,한국은행 기준금리, ,1.75, ,201901
49,연%,2.6.한국은행 기준금리 및 여수신금리,0101000,098Y001, , ,한국은행 기준금리, ,1.75, ,201902
50,연%,2.6.한국은행 기준금리 및 여수신금리,0101000,098Y001, , ,한국은행 기준금리, ,1.75, ,201903
51,연%,2.6.한국은행 기준금리 및 여수신금리,0101000,098Y001, , ,한국은행 기준금리, ,1.75, ,201904
52,연%,2.6.한국은행 기준금리 및 여수신금리,0101000,098Y001, , ,한국은행 기준금리, ,1.75, ,201905
53,연%,2.6.한국은행 기준금리 및 여수신금리,0101000,098Y001, , ,한국은행 기준금리, ,1.75, ,201906
54,연%,2.6.한국은행 기준금리 및 여수신금리,0101000,098Y001, , ,한국은행 기준금리, ,1.5, ,201907
55,연%,2.6.한국은행 기준금리 및 여수신금리,0101000,098Y001, , ,한국은행 기준금리, ,1.5, ,201908
56,연%,2.6.한국은행 기준금리 및 여수신금리,0101000,098Y001, , ,한국은행 기준금리, ,1.5, ,201909
57,연%,2.6.한국은행 기준금리 및 여수신금리,0101000,098Y001, , ,한국은행 기준금리, ,1.25, ,201910
58,연%,2.6.한국은행 기준금리 및 여수신금리,0101000,098Y001, , ,한국은행 기준금리, ,1.25, ,201911
59,연%,2.6.한국은행 기준금리 및 여수신금리,0101000,098Y001, , ,한국은행 기준금리, ,1.25, ,201912
60,연%,2.6.한국은행 기준금리 및 여수신금리,0102000,098Y001, , ,정부대출금금리, ,2.16, ,201501
61,연%,2.6.한국은행 기준금리 및 여수신금리,0102000,098Y001, , ,정부대출금금리, ,2.16, ,201502
62,연%,2.6.한국은행 기준금리 및 여수신금리,0102000,098Y001, , ,정부대출금금리, ,2.16, ,201503
63,연%,2.6.한국은행 기준금리 및 여수신금리,0102000,098Y001, , ,정부대출금금리, ,1.932, ,201504
64,연%,2.6.한국은행 기준금리 및 여수신금리,0102000,098Y001, , ,정부대출금금리, ,1.932, ,201505
65,연%,2.6.한국은행 기준금리 및 여수신금리,0102000,098Y001, , ,정부대출금금리, ,1.932, ,201506
66,연%,2.6.한국은행 기준금리 및 여수신금리,0102000,098Y001, , ,정부대출금금리, ,1.704, ,201507
67,연%,2.6.한국은행 기준금리 및 여수신금리,0102000,098Y001, , ,정부대출금금리, ,1.704, ,201508
68,연%,2.6.한국은행 기준금리 및 여수신금리,0102000,098Y001, , ,정부대출금금리, ,1.704, ,201509
69,연%,2.6.한국은행 기준금리 및 여수신금리,0102000,098Y001, , ,정부대출금금리, ,1.627, ,201510
70,연%,2.6.한국은행 기준금리 및 여수신금리,0102000,098Y001, , ,정부대출금금리, ,1.627, ,201511
71,연%,2.6.한국은행 기준금리 및 여수신금리,0102000,098Y001, , ,정부대출금금리, ,1.627, ,201512
72,연%,2.6.한국은행 기준금리 및 여수신금리,0102000,098Y001, , ,정부대출금금리, ,1.664, ,201601
73,연%,2.6.한국은행 기준금리 및 여수신금리,0102000,098Y001, , ,정부대출금금리, ,1.664, ,201602
74,연%,2.6.한국은행 기준금리 및 여수신금리,0102000,098Y001, , ,정부대출금금리, ,1.664, ,201603
75,연%,2.6.한국은행 기준금리 및 여수신금리,0102000,098Y001, , ,정부대출금금리, ,1.602, ,201604
76,연%,2.6.한국은행 기준금리 및 여수신금리,0102000,098Y001, , ,정부대출금금리, ,1.602, ,201605
77,연%,2.6.한국은행 기준금리 및 여수신금리,0102000,098Y001, , ,정부대출금금리, ,1.602, ,201606
78,연%,2.6.한국은행 기준금리 및 여수신금리,0102000,098Y001, , ,정부대출금금리, ,1.453, ,201607
79,연%,2.6.한국은행 기준금리 및 여수신금리,0102000,098Y001, , ,정부대출금금리, ,1.453, ,201608
80,연%,2.6.한국은행 기준금리 및 여수신금리,0102000,098Y001, , ,정부대출금금리, ,1.453, ,201609
81,연%,2.6.한국은행 기준금리 및 여수신금리,0102000,098Y001, , ,정부대출금금리, ,1.402, ,201610
82,연%,2.6.한국은행 기준금리 및 여수신금리,0102000,098Y001, , ,정부대출금금리, ,1.402, ,201611
83,연%,2.6.한국은행 기준금리 및 여수신금리,0102000,098Y001, , ,정부대출금금리, ,1.402, ,201612
84,연%,2.6.한국은행 기준금리 및 여수신금리,0102000,098Y001, , ,정부대출금금리, ,1.522, ,201701
85,연%,2.6.한국은행 기준금리 및 여수신금리,0102000,098Y001, , ,정부대출금금리, ,1.522, ,201702
86,연%,2.6.한국은행 기준금리 및 여수신금리,0102000,098Y001, , ,정부대출금금리, ,1.522, ,201703
87,연%,2.6.한국은행 기준금리 및 여수신금리,0102000,098Y001, , ,정부대출금금리, ,1.44, ,201704
88,연%,2.6.한국은행 기준금리 및 여수신금리,0102000,098Y001, , ,정부대출금금리, ,1.44, ,201705
89,연%,2.6.한국은행 기준금리 및 여수신금리,0102000,098Y001, , ,정부대출금금리, ,1.44, ,201706
90,연%,2.6.한국은행 기준금리 및 여수신금리,0102000,098Y001, , ,정부대출금금리, ,1.386, ,201707
91,연%,2.6.한국은행 기준금리 및 여수신금리,0102000,098Y001, , ,정부대출금금리, ,1.386, ,201708
92,연%,2.6.한국은행 기준금리 및 여수신금리,0102000,098Y001, , ,정부대출금금리, ,1.386, ,201709
93,연%,2.6.한국은행 기준금리 및 여수신금리,0102000,098Y001, , ,정부대출금금리, ,1.362, ,201710
94,연%,2.6.한국은행 기준금리 및 여수신금리,0102000,098Y001, , ,정부대출금금리, ,1.362, ,201711
95,연%,2.6.한국은행 기준금리 및 여수신금리,0102000,098Y001, , ,정부대출금금리, ,1.362, ,201712
96,연%,2.6.한국은행 기준금리 및 여수신금리,0102000,098Y001, , ,정부대출금금리, ,1.638, ,201801
97,연%,2.6.한국은행 기준금리 및 여수신금리,0102000,098Y001, , ,정부대출금금리, ,1.638, ,201802
98,연%,2.6.한국은행 기준금리 및 여수신금리,0102000,098Y001, , ,정부대출금금리, ,1.638, ,201803
99,연%,2.6.한국은행 기준금리 및 여수신금리,0102000,098Y001, , ,정부대출금금리, ,1.651, ,201804
100,연%,2.6.한국은행 기준금리 및 여수신금리,0102000,098Y001, , ,정부대출금금리, ,1.651, ,201805
101,연%,2.6.한국은행 기준금리 및 여수신금리,0102000,098Y001, , ,정부대출금금리, ,1.651, ,201806
102,연%,2.6.한국은행 기준금리 및 여수신금리,0102000,098Y001, , ,정부대출금금리, ,1.652, ,201807
103,연%,2.6.한국은행 기준금리 및 여수신금리,0102000,098Y001, , ,정부대출금금리, ,1.652, ,201808
104,연%,2.6.한국은행 기준금리 및 여수신금리,0102000,098Y001, , ,정부대출금금리, ,1.652, ,201809
105,연%,2.6.한국은행 기준금리 및 여수신금리,0102000,098Y001, , ,정부대출금금리, ,1.685, ,201810
106,연%,2.6.한국은행 기준금리 및 여수신금리,0102000,098Y001, , ,정부대출금금리, ,1.685, ,201811
107,연%,2.6.한국은행 기준금리 및 여수신금리,0102000,098Y001, , ,정부대출금금리, ,1.685, ,201812
108,연%,2.6.한국은행 기준금리 및 여수신금리,0102000,098Y001, , ,정부대출금금리, ,1.851, ,201901
109,연%,2.6.한국은행 기준금리 및 여수신금리,0102000,098Y001, , ,정부대출금금리, ,1.851, ,201902
110,연%,2.6.한국은행 기준금리 및 여수신금리,0102000,098Y001, , ,정부대출금금리, ,1.851, ,201903
111,연%,2.6.한국은행 기준금리 및 여수신금리,0102000,098Y001, , ,정부대출금금리, ,1.867, ,201904
112,연%,2.6.한국은행 기준금리 및 여수신금리,0102000,098Y001, , ,정부대출금금리, ,1.867, ,201905
113,연%,2.6.한국은행 기준금리 및 여수신금리,0102000,098Y001, , ,정부대출금금리, ,1.867, ,201906
114,연%,2.6.한국은행 기준금리 및 여수신금리,0102000,098Y001, , ,정부대출금금리, ,1.696, ,201907
115,연%,2.6.한국은행 기준금리 및 여수신금리,0102000,098Y001, , ,정부대출금금리, ,1.696, ,201908
116,연%,2.6.한국은행 기준금리 및 여수신금리,0102000,098Y001, , ,정부대출금금리, ,1.696, ,201909
117,연%,2.6.한국은행 기준금리 및 여수신금리,0102000,098Y001, , ,정부대출금금리, ,1.393, ,201910
118,연%,2.6.한국은행 기준금리 및 여수신금리,0102000,098Y001, , ,정부대출금금리, ,1.393, ,201911
119,연%,2.6.한국은행 기준금리 및 여수신금리,0102000,098Y001, , ,정부대출금금리, ,1.393, ,201912
120,연%,2.6.한국은행 기준금리 및 여수신금리,0107000,098Y001, , ,무역금융지원 프로그램대출금리, ,1, ,201501
121,연%,2.6.한국은행 기준금리 및 여수신금리,0107000,098Y001, , ,무역금융지원 프로그램대출금리, ,1, ,201502
122,연%,2.6.한국은행 기준금리 및 여수신금리,0107000,098Y001, , ,무역금융지원 프로그램대출금리, ,1, ,201503
123,연%,2.6.한국은행 기준금리 및 여수신금리,0107000,098Y001, , ,무역금융지원 프로그램대출금리, ,0.75, ,201504
124,연%,2.6.한국은행 기준금리 및 여수신금리,0107000,098Y001, , ,무역금융지원 프로그램대출금리, ,0.75, ,201505
125,연%,2.6.한국은행 기준금리 및 여수신금리,0107000,098Y001, , ,무역금융지원 프로그램대출금리, ,0.75, ,201506
126,연%,2.6.한국은행 기준금리 및 여수신금리,0107000,098Y001, , ,무역금융지원 프로그램대출금리, ,0.75, ,201507
127,연%,2.6.한국은행 기준금리 및 여수신금리,0107000,098Y001, , ,무역금융지원 프로그램대출금리, ,0.75, ,201508
128,연%,2.6.한국은행 기준금리 및 여수신금리,0107000,098Y001, , ,무역금융지원 프로그램대출금리, ,0.75, ,201509
129,연%,2.6.한국은행 기준금리 및 여수신금리,0107000,098Y001, , ,무역금융지원 프로그램대출금리, ,0.75, ,201510
130,연%,2.6.한국은행 기준금리 및 여수신금리,0107000,098Y001, , ,무역금융지원 프로그램대출금리, ,0.75, ,201511
131,연%,2.6.한국은행 기준금리 및 여수신금리,0107000,098Y001, , ,무역금융지원 프로그램대출금리, ,0.75, ,201512
132,연%,2.6.한국은행 기준금리 및 여수신금리,0107000,098Y001, , ,무역금융지원 프로그램대출금리, ,0.75, ,201601
133,연%,2.6.한국은행 기준금리 및 여수신금리,0107000,098Y001, , ,무역금융지원 프로그램대출금리, ,0.75, ,201602
134,연%,2.6.한국은행 기준금리 및 여수신금리,0107000,098Y001, , ,무역금융지원 프로그램대출금리, ,0.5, ,201603
135,연%,2.6.한국은행 기준금리 및 여수신금리,0107000,098Y001, , ,무역금융지원 프로그램대출금리, ,0.5, ,201604
136,연%,2.6.한국은행 기준금리 및 여수신금리,0107000,098Y001, , ,무역금융지원 프로그램대출금리, ,0.5, ,201605
137,연%,2.6.한국은행 기준금리 및 여수신금리,0107000,098Y001, , ,무역금융지원 프로그램대출금리, ,0.5, ,201606
138,연%,2.6.한국은행 기준금리 및 여수신금리,0107000,098Y001, , ,무역금융지원 프로그램대출금리, ,0.5, ,201607
139,연%,2.6.한국은행 기준금리 및 여수신금리,0107000,098Y001, , ,무역금융지원 프로그램대출금리, ,0.5, ,201608
140,연%,2.6.한국은행 기준금리 및 여수신금리,0107000,098Y001, , ,무역금융지원 프로그램대출금리, ,0.5, ,201609
141,연%,2.6.한국은행 기준금리 및 여수신금리,0107000,098Y001, , ,무역금융지원 프로그램대출금리, ,0.5, ,201610
142,연%,2.6.한국은행 기준금리 및 여수신금리,0107000,098Y001, , ,무역금융지원 프로그램대출금리, ,0.5, ,201611
143,연%,2.6.한국은행 기준금리 및 여수신금리,0107000,098Y001, , ,무역금융지원 프로그램대출금리, ,0.5, ,201612
144,연%,2.6.한국은행 기준금리 및 여수신금리,0107000,098Y001, , ,무역금융지원 프로그램대출금리, ,0.5, ,201701
145,연%,2.6.한국은행 기준금리 및 여수신금리,0107000,098Y001, , ,무역금융지원 프로그램대출금리, ,0.5, ,201702
146,연%,2.6.한국은행 기준금리 및 여수신금리,0107000,098Y001, , ,무역금융지원 프로그램대출금리, ,0.5, ,201703
147,연%,2.6.한국은행 기준금리 및 여수신금리,0107000,098Y001, , ,무역금융지원 프로그램대출금리, ,0.5, ,201704
148,연%,2.6.한국은행 기준금리 및 여수신금리,0107000,098Y001, , ,무역금융지원 프로그램대출금리, ,0.5, ,201705
149,연%,2.6.한국은행 기준금리 및 여수신금리,0107000,098Y001, , ,무역금융지원 프로그램대출금리, ,0.5, ,201706
150,연%,2.6.한국은행 기준금리 및 여수신금리,0107000,098Y001, , ,무역금융지원 프로그램대출금리, ,0.5, ,201707
151,연%,2.6.한국은행 기준금리 및 여수신금리,0107000,098Y001, , ,무역금융지원 프로그램대출금리, ,0.5, ,201708
152,연%,2.6.한국은행 기준금리 및 여수신금리,0107000,098Y001, , ,무역금융지원 프로그램대출금리, ,0.5, ,201709
153,연%,2.6.한국은행 기준금리 및 여수신금리,0107000,098Y001, , ,무역금융지원 프로그램대출금리, ,0.5, ,201710
154,연%,2.6.한국은행 기준금리 및 여수신금리,0107000,098Y001, , ,무역금융지원 프로그램대출금리, ,0.5, ,201711
155,연%,2.6.한국은행 기준금리 및 여수신금리,0107000,098Y001, , ,무역금융지원 프로그램대출금리, ,0.5, ,201712
156,연%,2.6.한국은행 기준금리 및 여수신금리,0107000,098Y001, , ,무역금융지원 프로그램대출금리, ,0.5, ,201801
157,연%,2.6.한국은행 기준금리 및 여수신금리,0107000,098Y001, , ,무역금융지원 프로그램대출금리, ,0.5, ,201802
158,연%,2.6.한국은행 기준금리 및 여수신금리,0107000,098Y001, , ,무역금융지원 프로그램대출금리, ,0.5, ,201803
159,연%,2.6.한국은행 기준금리 및 여수신금리,0107000,098Y001, , ,무역금융지원 프로그램대출금리, ,0.5, ,201804
160,연%,2.6.한국은행 기준금리 및 여수신금리,0107000,098Y001, , ,무역금융지원 프로그램대출금리, ,0.5, ,201805
161,연%,2.6.한국은행 기준금리 및 여수신금리,0107000,098Y001, , ,무역금융지원 프로그램대출금리, ,0.5, ,201806
162,연%,2.6.한국은행 기준금리 및 여수신금리,0107000,098Y001, , ,무역금융지원 프로그램대출금리, ,0.5, ,201807
163,연%,2.6.한국은행 기준금리 및 여수신금리,0107000,098Y001, , ,무역금융지원 프로그램대출금리, ,0.5, ,201808
164,연%,2.6.한국은행 기준금리 및 여수신금리,0107000,098Y001, , ,무역금융지원 프로그램대출금리, ,0.5, ,201809
165,연%,2.6.한국은행 기준금리 및 여수신금리,0107000,098Y001, , ,무역금융지원 프로그램대출금리, ,0.5, ,201810
166,연%,2.6.한국은행 기준금리 및 여수신금리,0107000,098Y001, , ,무역금융지원 프로그램대출금리, ,0.5, ,201811
167,연%,2.6.한국은행 기준금리 및 여수신금리,0107000,098Y001, , ,무역금융지원 프로그램대출금리, ,0.5, ,201812
168,연%,2.6.한국은행 기준금리 및 여수신금리,0107000,098Y001, , ,무역금융지원 프로그램대출금리, ,0.5, ,201901
169,연%,2.6.한국은행 기준금리 및 여수신금리,0107000,098Y001, , ,무역금융지원 프로그램대출금리, ,0.5, ,201902
170,연%,2.6.한국은행 기준금리 및 여수신금리,0107000,098Y001, , ,무역금융지원 프로그램대출금리, ,0.5, ,201903
171,연%,2.6.한국은행 기준금리 및 여수신금리,0107000,098Y001, , ,무역금융지원 프로그램대출금리, ,0.5, ,201904
172,연%,2.6.한국은행 기준금리 및 여수신금리,0107000,098Y001, , ,무역금융지원 프로그램대출금리, ,0.5, ,201905
173,연%,2.6.한국은행 기준금리 및 여수신금리,0107000,098Y001, , ,무역금융지원 프로그램대출금리, ,0.5, ,201906
174,연%,2.6.한국은행 기준금리 및 여수신금리,0107000,098Y001, , ,무역금융지원 프로그램대출금리, ,0.5, ,201907
175,연%,2.6.한국은행 기준금리 및 여수신금리,0107000,098Y001, , ,무역금융지원 프로그램대출금리, ,0.5, ,201908
176,연%,2.6.한국은행 기준금리 및 여수신금리,0107000,098Y001, , ,무역금융지원 프로그램대출금리, ,0.5, ,201909
177,연%,2.6.한국은행 기준금리 및 여수신금리,0107000,098Y001, , ,무역금융지원 프로그램대출금리, ,0.5, ,201910
178,연%,2.6.한국은행 기준금리 및 여수신금리,0107000,098Y001, , ,무역금융지원 프로그램대출금리, ,0.5, ,201911
179,연%,2.6.한국은행 기준금리 및 여수신금리,0107000,098Y001, , ,무역금융지원 프로그램대출금리, ,0.5, ,201912
180,연%,2.6.한국은행 기준금리 및 여수신금리,0110000,098Y001, , ,신용대출지원 프로그램대출금리, ,1, ,201501
181,연%,2.6.한국은행 기준금리 및 여수신금리,0110000,098Y001, , ,신용대출지원 프로그램대출금리, ,1, ,201502
182,연%,2.6.한국은행 기준금리 및 여수신금리,0110000,098Y001, , ,신용대출지원 프로그램대출금리, ,1, ,201503
183,연%,2.6.한국은행 기준금리 및 여수신금리,0110000,098Y001, , ,신용대출지원 프로그램대출금리, ,0.75, ,201504
184,연%,2.6.한국은행 기준금리 및 여수신금리,0110000,098Y001, , ,신용대출지원 프로그램대출금리, ,0.75, ,201505
185,연%,2.6.한국은행 기준금리 및 여수신금리,0110000,098Y001, , ,신용대출지원 프로그램대출금리, ,0.75, ,201506
186,연%,2.6.한국은행 기준금리 및 여수신금리,0111000,098Y001, , ,영세자영업자지원 프로그램대출금리, ,0.5, ,201501
187,연%,2.6.한국은행 기준금리 및 여수신금리,0111000,098Y001, , ,영세자영업자지원 프로그램대출금리, ,0.5, ,201502
188,연%,2.6.한국은행 기준금리 및 여수신금리,0111000,098Y001, , ,영세자영업자지원 프로그램대출금리, ,0.5, ,201503
189,연%,2.6.한국은행 기준금리 및 여수신금리,0111000,098Y001, , ,영세자영업자지원 프로그램대출금리, ,0.5, ,201504
190,연%,2.6.한국은행 기준금리 및 여수신금리,0111000,098Y001, , ,영세자영업자지원 프로그램대출금리, ,0.5, ,201505
191,연%,2.6.한국은행 기준금리 및 여수신금리,0111000,098Y001, , ,영세자영업자지원 프로그램대출금리, ,0.5, ,201506
192,연%,2.6.한국은행 기준금리 및 여수신금리,0111000,098Y001, , ,영세자영업자지원 프로그램대출금리, ,0.5, ,201507
193,연%,2.6.한국은행 기준금리 및 여수신금리,0111000,098Y001, , ,영세자영업자지원 프로그램대출금리, ,0.5, ,201508
194,연%,2.6.한국은행 기준금리 및 여수신금리,0111000,098Y001, , ,영세자영업자지원 프로그램대출금리, ,0.5, ,201509
195,연%,2.6.한국은행 기준금리 및 여수신금리,0111000,098Y001, , ,영세자영업자지원 프로그램대출금리, ,0.5, ,201510
196,연%,2.6.한국은행 기준금리 및 여수신금리,0111000,098Y001, , ,영세자영업자지원 프로그램대출금리, ,0.5, ,201511
197,연%,2.6.한국은행 기준금리 및 여수신금리,0111000,098Y001, , ,영세자영업자지원 프로그램대출금리, ,0.5, ,201512
198,연%,2.6.한국은행 기준금리 및 여수신금리,0111000,098Y001, , ,영세자영업자지원 프로그램대출금리, ,0.5, ,201601
199,연%,2.6.한국은행 기준금리 및 여수신금리,0111000,098Y001, , ,영세자영업자지원 프로그램대출금리, ,0.5, ,201602
200,연%,2.6.한국은행 기준금리 및 여수신금리,0111000,098Y001, , ,영세자영업자지원 프로그램대출금리, ,0.5, ,201603
201,연%,2.6.한국은행 기준금리 및 여수신금리,0111000,098Y001, , ,영세자영업자지원 프로그램대출금리, ,0.5, ,201604
202,연%,2.6.한국은행 기준금리 및 여수신금리,0111000,098Y001, , ,영세자영업자지원 프로그램대출금리, ,0.5, ,201605
203,연%,2.6.한국은행 기준금리 및 여수신금리,0111000,098Y001, , ,영세자영업자지원 프로그램대출금리, ,0.5, ,201606
204,연%,2.6.한국은행 기준금리 및 여수신금리,0111000,098Y001, , ,영세자영업자지원 프로그램대출금리, ,0.5, ,201607
205,연%,2.6.한국은행 기준금리 및 여수신금리,0111000,098Y001, , ,영세자영업자지원 프로그램대출금리, ,0.5, ,201608
206,연%,2.6.한국은행 기준금리 및 여수신금리,0111000,098Y001, , ,영세자영업자지원 프로그램대출금리, ,0.5, ,201609
207,연%,2.6.한국은행 기준금리 및 여수신금리,0111000,098Y001, , ,영세자영업자지원 프로그램대출금리, ,0.5, ,201610
208,연%,2.6.한국은행 기준금리 및 여수신금리,0111000,098Y001, , ,영세자영업자지원 프로그램대출금리, ,0.5, ,201611
209,연%,2.6.한국은행 기준금리 및 여수신금리,0111000,098Y001, , ,영세자영업자지원 프로그램대출금리, ,0.5, ,201612
210,연%,2.6.한국은행 기준금리 및 여수신금리,0111000,098Y001, , ,영세자영업자지원 프로그램대출금리, ,0.5, ,201701
211,연%,2.6.한국은행 기준금리 및 여수신금리,0111000,098Y001, , ,영세자영업자지원 프로그램대출금리, ,0.5, ,201702
212,연%,2.6.한국은행 기준금리 및 여수신금리,0111000,098Y001, , ,영세자영업자지원 프로그램대출금리, ,0.5, ,201703
213,연%,2.6.한국은행 기준금리 및 여수신금리,0111000,098Y001, , ,영세자영업자지원 프로그램대출금리, ,0.5, ,201704
214,연%,2.6.한국은행 기준금리 및 여수신금리,0111000,098Y001, , ,영세자영업자지원 프로그램대출금리, ,0.5, ,201705
215,연%,2.6.한국은행 기준금리 및 여수신금리,0111000,098Y001, , ,영세자영업자지원 프로그램대출금리, ,0.5, ,201706
216,연%,2.6.한국은행 기준금리 및 여수신금리,0111000,098Y001, , ,영세자영업자지원 프로그램대출금리, ,0.5, ,201707
217,연%,2.6.한국은행 기준금리 및 여수신금리,0111000,098Y001, , ,영세자영업자지원 프로그램대출금리, ,0.5, ,201708
218,연%,2.6.한국은행 기준금리 및 여수신금리,0111000,098Y001, , ,영세자영업자지원 프로그램대출금리, ,0.5, ,201709
219,연%,2.6.한국은행 기준금리 및 여수신금리,0111000,098Y001, , ,영세자영업자지원 프로그램대출금리, ,0.5, ,201710
220,연%,2.6.한국은행 기준금리 및 여수신금리,0111000,098Y001, , ,영세자영업자지원 프로그램대출금리, ,0.5, ,201711
221,연%,2.6.한국은행 기준금리 및 여수신금리,0111000,098Y001, , ,영세자영업자지원 프로그램대출금리, ,0.5, ,201712
222,연%,2.6.한국은행 기준금리 및 여수신금리,0111000,098Y001, , ,영세자영업자지원 프로그램대출금리, ,0.5, ,201801
223,연%,2.6.한국은행 기준금리 및 여수신금리,0111000,098Y001, , ,영세자영업자지원 프로그램대출금리, ,0.5, ,201802
224,연%,2.6.한국은행 기준금리 및 여수신금리,0111000,098Y001, , ,영세자영업자지원 프로그램대출금리, ,0.5, ,201803
225,연%,2.6.한국은행 기준금리 및 여수신금리,0111000,098Y001, , ,영세자영업자지원 프로그램대출금리, ,0.5, ,201804
226,연%,2.6.한국은행 기준금리 및 여수신금리,0111000,098Y001, , ,영세자영업자지원 프로그램대출금리, ,0.5, ,201805
227,연%,2.6.한국은행 기준금리 및 여수신금리,0111000,098Y001, , ,영세자영업자지원 프로그램대출금리, ,0.5, ,201806
228,연%,2.6.한국은행 기준금리 및 여수신금리,0111000,098Y001, , ,영세자영업자지원 프로그램대출금리, ,0.5, ,201807
229,연%,2.6.한국은행 기준금리 및 여수신금리,0111000,098Y001, , ,영세자영업자지원 프로그램대출금리, ,0.5, ,201808
230,연%,2.6.한국은행 기준금리 및 여수신금리,0111000,098Y001, , ,영세자영업자지원 프로그램대출금리, ,0.5, ,201809
231,연%,2.6.한국은행 기준금리 및 여수신금리,0111000,098Y001, , ,영세자영업자지원 프로그램대출금리, ,0.5, ,201810
232,연%,2.6.한국은행 기준금리 및 여수신금리,0111000,098Y001, , ,영세자영업자지원 프로그램대출금리, ,0.5, ,201811
233,연%,2.6.한국은행 기준금리 및 여수신금리,0111000,098Y001, , ,영세자영업자지원 프로그램대출금리, ,0.5, ,201812
234,연%,2.6.한국은행 기준금리 및 여수신금리,0111000,098Y001, , ,영세자영업자지원 프로그램대출금리, ,0.5, ,201901
235,연%,2.6.한국은행 기준금리 및 여수신금리,0111000,098Y001, , ,영세자영업자지원 프로그램대출금리, ,0.5, ,201902
236,연%,2.6.한국은행 기준금리 및 여수신금리,0111000,098Y001, , ,영세자영업자지원 프로그램대출금리, ,0.5, ,201903
237,연%,2.6.한국은행 기준금리 및 여수신금리,0111000,098Y001, , ,영세자영업자지원 프로그램대출금리, ,0.5, ,201904
238,연%,2.6.한국은행 기준금리 및 여수신금리,0111000,098Y001, , ,영세자영업자지원 프로그램대출금리, ,0.5, ,201905
239,연%,2.6.한국은행 기준금리 및 여수신금리,0111000,098Y001, , ,영세자영업자지원 프로그램대출금리, ,0.5, ,201906
240,연%,2.6.한국은행 기준금리 및 여수신금리,0111000,098Y001, , ,영세자영업자지원 프로그램대출금리, ,0.5, ,201907
241,연%,2.6.한국은행 기준금리 및 여수신금리,0111000,098Y001, , ,영세자영업자지원 프로그램대출금리, ,0.5, ,201908
242,연%,2.6.한국은행 기준금리 및 여수신금리,0111000,098Y001, , ,영세자영업자지원 프로그램대출금리, ,0.5, ,201909
243,연%,2.6.한국은행 기준금리 및 여수신금리,0111000,098Y001, , ,영세자영업자지원 프로그램대출금리, ,0.5, ,201910
244,연%,2.6.한국은행 기준금리 및 여수신금리,0111000,098Y001, , ,영세자영업자지원 프로그램대출금리, ,0.5, ,201911
245,연%,2.6.한국은행 기준금리 및 여수신금리,0111000,098Y001, , ,영세자영업자지원 프로그램대출금리, ,0.5, ,201912
246,연%,2.6.한국은행 기준금리 및 여수신금리,0108000,098Y001, , ,신성장·일자리지원 프로그램대출금리, ,0.5, ,201501
247,연%,2.6.한국은행 기준금리 및 여수신금리,0108000,098Y001, , ,신성장·일자리지원 프로그램대출금리, ,0.5, ,201502
248,연%,2.6.한국은행 기준금리 및 여수신금리,0108000,098Y001, , ,신성장·일자리지원 프로그램대출금리, ,0.5, ,201503
249,연%,2.6.한국은행 기준금리 및 여수신금리,0108000,098Y001, , ,신성장·일자리지원 프로그램대출금리, ,0.5, ,201504
250,연%,2.6.한국은행 기준금리 및 여수신금리,0108000,098Y001, , ,신성장·일자리지원 프로그램대출금리, ,0.5, ,201505
251,연%,2.6.한국은행 기준금리 및 여수신금리,0108000,098Y001, , ,신성장·일자리지원 프로그램대출금리, ,0.5, ,201506
252,연%,2.6.한국은행 기준금리 및 여수신금리,0108000,098Y001, , ,신성장·일자리지원 프로그램대출금리, ,0.5, ,201507
253,연%,2.6.한국은행 기준금리 및 여수신금리,0108000,098Y001, , ,신성장·일자리지원 프로그램대출금리, ,0.5, ,201508
254,연%,2.6.한국은행 기준금리 및 여수신금리,0108000,098Y001, , ,신성장·일자리지원 프로그램대출금리, ,0.5, ,201509
255,연%,2.6.한국은행 기준금리 및 여수신금리,0108000,098Y001, , ,신성장·일자리지원 프로그램대출금리, ,0.5, ,201510
256,연%,2.6.한국은행 기준금리 및 여수신금리,0108000,098Y001, , ,신성장·일자리지원 프로그램대출금리, ,0.5, ,201511
257,연%,2.6.한국은행 기준금리 및 여수신금리,0108000,098Y001, , ,신성장·일자리지원 프로그램대출금리, ,0.5, ,201512
258,연%,2.6.한국은행 기준금리 및 여수신금리,0108000,098Y001, , ,신성장·일자리지원 프로그램대출금리, ,0.5, ,201601
259,연%,2.6.한국은행 기준금리 및 여수신금리,0108000,098Y001, , ,신성장·일자리지원 프로그램대출금리, ,0.5, ,201602
260,연%,2.6.한국은행 기준금리 및 여수신금리,0108000,098Y001, , ,신성장·일자리지원 프로그램대출금리, ,0.5, ,201603
261,연%,2.6.한국은행 기준금리 및 여수신금리,0108000,098Y001, , ,신성장·일자리지원 프로그램대출금리, ,0.5, ,201604
262,연%,2.6.한국은행 기준금리 및 여수신금리,0108000,098Y001, , ,신성장·일자리지원 프로그램대출금리, ,0.5, ,201605
263,연%,2.6.한국은행 기준금리 및 여수신금리,0108000,098Y001, , ,신성장·일자리지원 프로그램대출금리, ,0.5, ,201606
264,연%,2.6.한국은행 기준금리 및 여수신금리,0108000,098Y001, , ,신성장·일자리지원 프로그램대출금리, ,0.5, ,201607
265,연%,2.6.한국은행 기준금리 및 여수신금리,0108000,098Y001, , ,신성장·일자리지원 프로그램대출금리, ,0.5, ,201608
266,연%,2.6.한국은행 기준금리 및 여수신금리,0108000,098Y001, , ,신성장·일자리지원 프로그램대출금리, ,0.5, ,201609
267,연%,2.6.한국은행 기준금리 및 여수신금리,0108000,098Y001, , ,신성장·일자리지원 프로그램대출금리, ,0.5, ,201610
268,연%,2.6.한국은행 기준금리 및 여수신금리,0108000,098Y001, , ,신성장·일자리지원 프로그램대출금리, ,0.5, ,201611
269,연%,2.6.한국은행 기준금리 및 여수신금리,0108000,098Y001, , ,신성장·일자리지원 프로그램대출금리, ,0.5, ,201612
270,연%,2.6.한국은행 기준금리 및 여수신금리,0108000,098Y001, , ,신성장·일자리지원 프로그램대출금리, ,0.5, ,201701
271,연%,2.6.한국은행 기준금리 및 여수신금리,0108000,098Y001, , ,신성장·일자리지원 프로그램대출금리, ,0.5, ,201702
272,연%,2.6.한국은행 기준금리 및 여수신금리,0108000,098Y001, , ,신성장·일자리지원 프로그램대출금리, ,0.5, ,201703
273,연%,2.6.한국은행 기준금리 및 여수신금리,0108000,098Y001, , ,신성장·일자리지원 프로그램대출금리, ,0.5, ,201704
274,연%,2.6.한국은행 기준금리 및 여수신금리,0108000,098Y001, , ,신성장·일자리지원 프로그램대출금리, ,0.5, ,201705
275,연%,2.6.한국은행 기준금리 및 여수신금리,0108000,098Y001, , ,신성장·일자리지원 프로그램대출금리, ,0.5, ,201706
276,연%,2.6.한국은행 기준금리 및 여수신금리,0108000,098Y001, , ,신성장·일자리지원 프로그램대출금리, ,0.5, ,201707
277,연%,2.6.한국은행 기준금리 및 여수신금리,0108000,098Y001, , ,신성장·일자리지원 프로그램대출금리, ,0.5, ,201708
278,연%,2.6.한국은행 기준금리 및 여수신금리,0108000,098Y001, , ,신성장·일자리지원 프로그램대출금리, ,0.5, ,201709
279,연%,2.6.한국은행 기준금리 및 여수신금리,0108000,098Y001, , ,신성장·일자리지원 프로그램대출금리, ,0.5, ,201710
280,연%,2.6.한국은행 기준금리 및 여수신금리,0108000,098Y001, , ,신성장·일자리지원 프로그램대출금리, ,0.5, ,201711
281,연%,2.6.한국은행 기준금리 및 여수신금리,0108000,098Y001, , ,신성장·일자리지원 프로그램대출금리, ,0.5, ,201712
282,연%,2.6.한국은행 기준금리 및 여수신금리,0108000,098Y001, , ,신성장·일자리지원 프로그램대출금리, ,0.5, ,201801
283,연%,2.6.한국은행 기준금리 및 여수신금리,0108000,098Y001, , ,신성장·일자리지원 프로그램대출금리, ,0.5, ,201802
284,연%,2.6.한국은행 기준금리 및 여수신금리,0108000,098Y001, , ,신성장·일자리지원 프로그램대출금리, ,0.5, ,201803
285,연%,2.6.한국은행 기준금리 및 여수신금리,0108000,098Y001, , ,신성장·일자리지원 프로그램대출금리, ,0.5, ,201804
286,연%,2.6.한국은행 기준금리 및 여수신금리,0108000,098Y001, , ,신성장·일자리지원 프로그램대출금리, ,0.5, ,201805
287,연%,2.6.한국은행 기준금리 및 여수신금리,0108000,098Y001, , ,신성장·일자리지원 프로그램대출금리, ,0.5, ,201806
288,연%,2.6.한국은행 기준금리 및 여수신금리,0108000,098Y001, , ,신성장·일자리지원 프로그램대출금리, ,0.5, ,201807
289,연%,2.6.한국은행 기준금리 및 여수신금리,0108000,098Y001, , ,신성장·일자리지원 프로그램대출금리, ,0.5, ,201808
290,연%,2.6.한국은행 기준금리 및 여수신금리,0108000,098Y001, , ,신성장·일자리지원 프로그램대출금리, ,0.5, ,201809
291,연%,2.6.한국은행 기준금리 및 여수신금리,0108000,098Y001, , ,신성장·일자리지원 프로그램대출금리, ,0.5, ,201810
292,연%,2.6.한국은행 기준금리 및 여수신금리,0108000,098Y001, , ,신성장·일자리지원 프로그램대출금리, ,0.5, ,201811
293,연%,2.6.한국은행 기준금리 및 여수신금리,0108000,098Y001, , ,신성장·일자리지원 프로그램대출금리, ,0.5, ,201812
294,연%,2.6.한국은행 기준금리 및 여수신금리,0108000,098Y001, , ,신성장·일자리지원 프로그램대출금리, ,0.5, ,201901
295,연%,2.6.한국은행 기준금리 및 여수신금리,0108000,098Y001, , ,신성장·일자리지원 프로그램대출금리, ,0.5, ,201902
296,연%,2.6.한국은행 기준금리 및 여수신금리,0108000,098Y001, , ,신성장·일자리지원 프로그램대출금리, ,0.5, ,201903
297,연%,2.6.한국은행 기준금리 및 여수신금리,0108000,098Y001, , ,신성장·일자리지원 프로그램대출금리, ,0.5, ,201904
298,연%,2.6.한국은행 기준금리 및 여수신금리,0108000,098Y001, , ,신성장·일자리지원 프로그램대출금리, ,0.5, ,201905
299,연%,2.6.한국은행 기준금리 및 여수신금리,0108000,098Y001, , ,신성장·일자리지원 프로그램대출금리, ,0.5, ,201906
300,연%,2.6.한국은행 기준금리 및 여수신금리,0108000,098Y001, , ,신성장·일자리지원 프로그램대출금리, ,0.5, ,201907
301,연%,2.6.한국은행 기준금리 및 여수신금리,0108000,098Y001, , ,신성장·일자리지원 프로그램대출금리, ,0.5, ,201908
302,연%,2.6.한국은행 기준금리 및 여수신금리,0108000,098Y001, , ,신성장·일자리지원 프로그램대출금리, ,0.5, ,201909
303,연%,2.6.한국은행 기준금리 및 여수신금리,0108000,098Y001, , ,신성장·일자리지원 프로그램대출금리, ,0.5, ,201910
304,연%,2.6.한국은행 기준금리 및 여수신금리,0108000,098Y001, , ,신성장·일자리지원 프로그램대출금리, ,0.5, ,201911
305,연%,2.6.한국은행 기준금리 및 여수신금리,0108000,098Y001, , ,신성장·일자리지원 프로그램대출금리, ,0.5, ,201912
306,연%,2.6.한국은행 기준금리 및 여수신금리,0113000,098Y001, , ,설비투자지원 프로그램대출금리, ,1, ,201501
307,연%,2.6.한국은행 기준금리 및 여수신금리,0113000,098Y001, , ,설비투자지원 프로그램대출금리, ,1, ,201502
308,연%,2.6.한국은행 기준금리 및 여수신금리,0113000,098Y001, , ,설비투자지원 프로그램대출금리, ,1, ,201503
309,연%,2.6.한국은행 기준금리 및 여수신금리,0113000,098Y001, , ,설비투자지원 프로그램대출금리, ,0.75, ,201504
310,연%,2.6.한국은행 기준금리 및 여수신금리,0113000,098Y001, , ,설비투자지원 프로그램대출금리, ,0.75, ,201505
311,연%,2.6.한국은행 기준금리 및 여수신금리,0113000,098Y001, , ,설비투자지원 프로그램대출금리, ,0.75, ,201506
312,연%,2.6.한국은행 기준금리 및 여수신금리,0113000,098Y001, , ,설비투자지원 프로그램대출금리, ,0.75, ,201507
313,연%,2.6.한국은행 기준금리 및 여수신금리,0113000,098Y001, , ,설비투자지원 프로그램대출금리, ,0.75, ,201508
314,연%,2.6.한국은행 기준금리 및 여수신금리,0113000,098Y001, , ,설비투자지원 프로그램대출금리, ,0.75, ,201509
315,연%,2.6.한국은행 기준금리 및 여수신금리,0113000,098Y001, , ,설비투자지원 프로그램대출금리, ,0.75, ,201510
316,연%,2.6.한국은행 기준금리 및 여수신금리,0113000,098Y001, , ,설비투자지원 프로그램대출금리, ,0.75, ,201511
317,연%,2.6.한국은행 기준금리 및 여수신금리,0113000,098Y001, , ,설비투자지원 프로그램대출금리, ,0.75, ,201512
318,연%,2.6.한국은행 기준금리 및 여수신금리,0113000,098Y001, , ,설비투자지원 프로그램대출금리, ,0.75, ,201601
319,연%,2.6.한국은행 기준금리 및 여수신금리,0113000,098Y001, , ,설비투자지원 프로그램대출금리, ,0.75, ,201602
320,연%,2.6.한국은행 기준금리 및 여수신금리,0113000,098Y001, , ,설비투자지원 프로그램대출금리, ,0.75, ,201603
321,연%,2.6.한국은행 기준금리 및 여수신금리,0113000,098Y001, , ,설비투자지원 프로그램대출금리, ,0.75, ,201604
322,연%,2.6.한국은행 기준금리 및 여수신금리,0113000,098Y001, , ,설비투자지원 프로그램대출금리, ,0.75, ,201605
323,연%,2.6.한국은행 기준금리 및 여수신금리,0113000,098Y001, , ,설비투자지원 프로그램대출금리, ,0.75, ,201606
324,연%,2.6.한국은행 기준금리 및 여수신금리,0113000,098Y001, , ,설비투자지원 프로그램대출금리, ,0.75, ,201607
325,연%,2.6.한국은행 기준금리 및 여수신금리,0113000,098Y001, , ,설비투자지원 프로그램대출금리, ,0.75, ,201608
326,연%,2.6.한국은행 기준금리 및 여수신금리,0113000,098Y001, , ,설비투자지원 프로그램대출금리, ,0.75, ,201609
327,연%,2.6.한국은행 기준금리 및 여수신금리,0113000,098Y001, , ,설비투자지원 프로그램대출금리, ,0.75, ,201610
328,연%,2.6.한국은행 기준금리 및 여수신금리,0113000,098Y001, , ,설비투자지원 프로그램대출금리, ,0.75, ,201611
329,연%,2.6.한국은행 기준금리 및 여수신금리,0113000,098Y001, , ,설비투자지원 프로그램대출금리, ,0.75, ,201612
330,연%,2.6.한국은행 기준금리 및 여수신금리,0113000,098Y001, , ,설비투자지원 프로그램대출금리, ,0.75, ,201701
331,연%,2.6.한국은행 기준금리 및 여수신금리,0113000,098Y001, , ,설비투자지원 프로그램대출금리, ,0.75, ,201702
332,연%,2.6.한국은행 기준금리 및 여수신금리,0113000,098Y001, , ,설비투자지원 프로그램대출금리, ,0.75, ,201703
333,연%,2.6.한국은행 기준금리 및 여수신금리,0113000,098Y001, , ,설비투자지원 프로그램대출금리, ,0.75, ,201704
334,연%,2.6.한국은행 기준금리 및 여수신금리,0113000,098Y001, , ,설비투자지원 프로그램대출금리, ,0.75, ,201705
335,연%,2.6.한국은행 기준금리 및 여수신금리,0113000,098Y001, , ,설비투자지원 프로그램대출금리, ,0.75, ,201706
336,연%,2.6.한국은행 기준금리 및 여수신금리,0113000,098Y001, , ,설비투자지원 프로그램대출금리, ,0.75, ,201707
337,연%,2.6.한국은행 기준금리 및 여수신금리,0113000,098Y001, , ,설비투자지원 프로그램대출금리, ,0.75, ,201708
338,연%,2.6.한국은행 기준금리 및 여수신금리,0113000,098Y001, , ,설비투자지원 프로그램대출금리, ,0.75, ,201709
339,연%,2.6.한국은행 기준금리 및 여수신금리,0113000,098Y001, , ,설비투자지원 프로그램대출금리, ,0.75, ,201710
340,연%,2.6.한국은행 기준금리 및 여수신금리,0113000,098Y001, , ,설비투자지원 프로그램대출금리, ,0.75, ,201711
341,연%,2.6.한국은행 기준금리 및 여수신금리,0113000,098Y001, , ,설비투자지원 프로그램대출금리, ,0.75, ,201712
342,연%,2.6.한국은행 기준금리 및 여수신금리,0113000,098Y001, , ,설비투자지원 프로그램대출금리, ,0.75, ,201801
343,연%,2.6.한국은행 기준금리 및 여수신금리,0113000,098Y001, , ,설비투자지원 프로그램대출금리, ,0.75, ,201802
344,연%,2.6.한국은행 기준금리 및 여수신금리,0113000,098Y001, , ,설비투자지원 프로그램대출금리, ,0.75, ,201803
345,연%,2.6.한국은행 기준금리 및 여수신금리,0113000,098Y001, , ,설비투자지원 프로그램대출금리, ,0.75, ,201804
346,연%,2.6.한국은행 기준금리 및 여수신금리,0113000,098Y001, , ,설비투자지원 프로그램대출금리, ,0.75, ,201805
347,연%,2.6.한국은행 기준금리 및 여수신금리,0113000,098Y001, , ,설비투자지원 프로그램대출금리, ,0.75, ,201806
348,연%,2.6.한국은행 기준금리 및 여수신금리,0113000,098Y001, , ,설비투자지원 프로그램대출금리, ,0.75, ,201807
349,연%,2.6.한국은행 기준금리 및 여수신금리,0113000,098Y001, , ,설비투자지원 프로그램대출금리, ,0.75, ,201808
350,연%,2.6.한국은행 기준금리 및 여수신금리,0113000,098Y001, , ,설비투자지원 프로그램대출금리, ,0.75, ,201809
351,연%,2.6.한국은행 기준금리 및 여수신금리,0113000,098Y001, , ,설비투자지원 프로그램대출금리, ,0.75, ,201810
352,연%,2.6.한국은행 기준금리 및 여수신금리,0113000,098Y001, , ,설비투자지원 프로그램대출금리, ,0.75, ,201811
353,연%,2.6.한국은행 기준금리 및 여수신금리,0113000,098Y001, , ,설비투자지원 프로그램대출금리, ,0.75, ,201812
354,연%,2.6.한국은행 기준금리 및 여수신금리,0113000,098Y001, , ,설비투자지원 프로그램대출금리, ,0.75, ,201901
355,연%,2.6.한국은행 기준금리 및 여수신금리,0113000,098Y001, , ,설비투자지원 프로그램대출금리, ,0.75, ,201902
356,연%,2.6.한국은행 기준금리 및 여수신금리,0113000,098Y001, , ,설비투자지원 프로그램대출금리, ,0.75, ,201903
357,연%,2.6.한국은행 기준금리 및 여수신금리,0113000,098Y001, , ,설비투자지원 프로그램대출금리, ,0.75, ,201904
358,연%,2.6.한국은행 기준금리 및 여수신금리,0113000,098Y001, , ,설비투자지원 프로그램대출금리, ,0.75, ,201905
359,연%,2.6.한국은행 기준금리 및 여수신금리,0113000,098Y001, , ,설비투자지원 프로그램대출금리, ,0.75, ,201906
360,연%,2.6.한국은행 기준금리 및 여수신금리,0113000,098Y001, , ,설비투자지원 프로그램대출금리, ,0.75, ,201907
361,연%,2.6.한국은행 기준금리 및 여수신금리,0113000,098Y001, , ,설비투자지원 프로그램대출금리, ,0.75, ,201908
362,연%,2.6.한국은행 기준금리 및 여수신금리,0113000,098Y001, , ,설비투자지원 프로그램대출금리, ,0.75, ,201909
363,연%,2.6.한국은행 기준금리 및 여수신금리,0113000,098Y001, , ,설비투자지원 프로그램대출금리, ,0.75, ,201910
364,연%,2.6.한국은행 기준금리 및 여수신금리,0113000,098Y001, , ,설비투자지원 프로그램대출금리, ,0.75, ,201911
365,연%,2.6.한국은행 기준금리 및 여수신금리,0113000,098Y001, , ,설비투자지원 프로그램대출금리, ,0.75, ,201912
366,연%,2.6.한국은행 기준금리 및 여수신금리,0112000,098Y001, , ,지방중소기업지원 프로그램대출금리, ,1, ,201501
367,연%,2.6.한국은행 기준금리 및 여수신금리,0112000,098Y001, , ,지방중소기업지원 프로그램대출금리, ,1, ,201502
368,연%,2.6.한국은행 기준금리 및 여수신금리,0112000,098Y001, , ,지방중소기업지원 프로그램대출금리, ,1, ,201503
369,연%,2.6.한국은행 기준금리 및 여수신금리,0112000,098Y001, , ,지방중소기업지원 프로그램대출금리, ,0.75, ,201504
370,연%,2.6.한국은행 기준금리 및 여수신금리,0112000,098Y001, , ,지방중소기업지원 프로그램대출금리, ,0.75, ,201505
371,연%,2.6.한국은행 기준금리 및 여수신금리,0112000,098Y001, , ,지방중소기업지원 프로그램대출금리, ,0.75, ,201506
372,연%,2.6.한국은행 기준금리 및 여수신금리,0112000,098Y001, , ,지방중소기업지원 프로그램대출금리, ,0.75, ,201507
373,연%,2.6.한국은행 기준금리 및 여수신금리,0112000,098Y001, , ,지방중소기업지원 프로그램대출금리, ,0.75, ,201508
374,연%,2.6.한국은행 기준금리 및 여수신금리,0112000,098Y001, , ,지방중소기업지원 프로그램대출금리, ,0.75, ,201509
375,연%,2.6.한국은행 기준금리 및 여수신금리,0112000,098Y001, , ,지방중소기업지원 프로그램대출금리, ,0.75, ,201510
376,연%,2.6.한국은행 기준금리 및 여수신금리,0112000,098Y001, , ,지방중소기업지원 프로그램대출금리, ,0.75, ,201511
377,연%,2.6.한국은행 기준금리 및 여수신금리,0112000,098Y001, , ,지방중소기업지원 프로그램대출금리, ,0.75, ,201512
378,연%,2.6.한국은행 기준금리 및 여수신금리,0112000,098Y001, , ,지방중소기업지원 프로그램대출금리, ,0.75, ,201601
379,연%,2.6.한국은행 기준금리 및 여수신금리,0112000,098Y001, , ,지방중소기업지원 프로그램대출금리, ,0.75, ,201602
380,연%,2.6.한국은행 기준금리 및 여수신금리,0112000,098Y001, , ,지방중소기업지원 프로그램대출금리, ,0.75, ,201603
381,연%,2.6.한국은행 기준금리 및 여수신금리,0112000,098Y001, , ,지방중소기업지원 프로그램대출금리, ,0.75, ,201604
382,연%,2.6.한국은행 기준금리 및 여수신금리,0112000,098Y001, , ,지방중소기업지원 프로그램대출금리, ,0.75, ,201605
383,연%,2.6.한국은행 기준금리 및 여수신금리,0112000,098Y001, , ,지방중소기업지원 프로그램대출금리, ,0.75, ,201606
384,연%,2.6.한국은행 기준금리 및 여수신금리,0112000,098Y001, , ,지방중소기업지원 프로그램대출금리, ,0.75, ,201607
385,연%,2.6.한국은행 기준금리 및 여수신금리,0112000,098Y001, , ,지방중소기업지원 프로그램대출금리, ,0.75, ,201608
386,연%,2.6.한국은행 기준금리 및 여수신금리,0112000,098Y001, , ,지방중소기업지원 프로그램대출금리, ,0.75, ,201609
387,연%,2.6.한국은행 기준금리 및 여수신금리,0112000,098Y001, , ,지방중소기업지원 프로그램대출금리, ,0.75, ,201610
388,연%,2.6.한국은행 기준금리 및 여수신금리,0112000,098Y001, , ,지방중소기업지원 프로그램대출금리, ,0.75, ,201611
389,연%,2.6.한국은행 기준금리 및 여수신금리,0112000,098Y001, , ,지방중소기업지원 프로그램대출금리, ,0.75, ,201612
390,연%,2.6.한국은행 기준금리 및 여수신금리,0112000,098Y001, , ,지방중소기업지원 프로그램대출금리, ,0.75, ,201701
391,연%,2.6.한국은행 기준금리 및 여수신금리,0112000,098Y001, , ,지방중소기업지원 프로그램대출금리, ,0.75, ,201702
392,연%,2.6.한국은행 기준금리 및 여수신금리,0112000,098Y001, , ,지방중소기업지원 프로그램대출금리, ,0.75, ,201703
393,연%,2.6.한국은행 기준금리 및 여수신금리,0112000,098Y001, , ,지방중소기업지원 프로그램대출금리, ,0.75, ,201704
394,연%,2.6.한국은행 기준금리 및 여수신금리,0112000,098Y001, , ,지방중소기업지원 프로그램대출금리, ,0.75, ,201705
395,연%,2.6.한국은행 기준금리 및 여수신금리,0112000,098Y001, , ,지방중소기업지원 프로그램대출금리, ,0.75, ,201706
396,연%,2.6.한국은행 기준금리 및 여수신금리,0112000,098Y001, , ,지방중소기업지원 프로그램대출금리, ,0.75, ,201707
397,연%,2.6.한국은행 기준금리 및 여수신금리,0112000,098Y001, , ,지방중소기업지원 프로그램대출금리, ,0.75, ,201708
398,연%,2.6.한국은행 기준금리 및 여수신금리,0112000,098Y001, , ,지방중소기업지원 프로그램대출금리, ,0.75, ,201709
399,연%,2.6.한국은행 기준금리 및 여수신금리,0112000,098Y001, , ,지방중소기업지원 프로그램대출금리, ,0.75, ,201710
400,연%,2.6.한국은행 기준금리 및 여수신금리,0112000,098Y001, , ,지방중소기업지원 프로그램대출금리, ,0.75, ,201711
401,연%,2.6.한국은행 기준금리 및 여수신금리,0112000,098Y001, , ,지방중소기업지원 프로그램대출금리, ,0.75, ,201712
402,연%,2.6.한국은행 기준금리 및 여수신금리,0112000,098Y001, , ,지방중소기업지원 프로그램대출금리, ,0.75, ,201801
403,연%,2.6.한국은행 기준금리 및 여수신금리,0112000,098Y001, , ,지방중소기업지원 프로그램대출금리, ,0.75, ,201802
404,연%,2.6.한국은행 기준금리 및 여수신금리,0112000,098Y001, , ,지방중소기업지원 프로그램대출금리, ,0.75, ,201803
405,연%,2.6.한국은행 기준금리 및 여수신금리,0112000,098Y001, , ,지방중소기업지원 프로그램대출금리, ,0.75, ,201804
406,연%,2.6.한국은행 기준금리 및 여수신금리,0112000,098Y001, , ,지방중소기업지원 프로그램대출금리, ,0.75, ,201805
407,연%,2.6.한국은행 기준금리 및 여수신금리,0112000,098Y001, , ,지방중소기업지원 프로그램대출금리, ,0.75, ,201806
408,연%,2.6.한국은행 기준금리 및 여수신금리,0112000,098Y001, , ,지방중소기업지원 프로그램대출금리, ,0.75, ,201807
409,연%,2.6.한국은행 기준금리 및 여수신금리,0112000,098Y001, , ,지방중소기업지원 프로그램대출금리, ,0.75, ,201808
410,연%,2.6.한국은행 기준금리 및 여수신금리,0112000,098Y001, , ,지방중소기업지원 프로그램대출금리, ,0.75, ,201809
411,연%,2.6.한국은행 기준금리 및 여수신금리,0112000,098Y001, , ,지방중소기업지원 프로그램대출금리, ,0.75, ,201810
412,연%,2.6.한국은행 기준금리 및 여수신금리,0112000,098Y001, , ,지방중소기업지원 프로그램대출금리, ,0.75, ,201811
413,연%,2.6.한국은행 기준금리 및 여수신금리,0112000,098Y001, , ,지방중소기업지원 프로그램대출금리, ,0.75, ,201812
414,연%,2.6.한국은행 기준금리 및 여수신금리,0112000,098Y001, , ,지방중소기업지원 프로그램대출금리, ,0.75, ,201901
415,연%,2.6.한국은행 기준금리 및 여수신금리,0112000,098Y001, , ,지방중소기업지원 프로그램대출금리, ,0.75, ,201902
416,연%,2.6.한국은행 기준금리 및 여수신금리,0112000,098Y001, , ,지방중소기업지원 프로그램대출금리, ,0.75, ,201903
417,연%,2.6.한국은행 기준금리 및 여수신금리,0112000,098Y001, , ,지방중소기업지원 프로그램대출금리, ,0.75, ,201904
418,연%,2.6.한국은행 기준금리 및 여수신금리,0112000,098Y001, , ,지방중소기업지원 프로그램대출금리, ,0.75, ,201905
419,연%,2.6.한국은행 기준금리 및 여수신금리,0112000,098Y001, , ,지방중소기업지원 프로그램대출금리, ,0.75, ,201906
420,연%,2.6.한국은행 기준금리 및 여수신금리,0112000,098Y001, , ,지방중소기업지원 프로그램대출금리, ,0.75, ,201907
421,연%,2.6.한국은행 기준금리 및 여수신금리,0112000,098Y001, , ,지방중소기업지원 프로그램대출금리, ,0.75, ,201908
422,연%,2.6.한국은행 기준금리 및 여수신금리,0112000,098Y001, , ,지방중소기업지원 프로그램대출금리, ,0.75, ,201909
423,연%,2.6.한국은행 기준금리 및 여수신금리,0112000,098Y001, , ,지방중소기업지원 프로그램대출금리, ,0.75, ,201910
424,연%,2.6.한국은행 기준금리 및 여수신금리,0112000,098Y001, , ,지방중소기업지원 프로그램대출금리, ,0.75, ,201911
425,연%,2.6.한국은행 기준금리 및 여수신금리,0112000,098Y001, , ,지방중소기업지원 프로그램대출금리, ,0.75, ,201912
426,연%,2.6.한국은행 기준금리 및 여수신금리,0104000,098Y001, , ,자금조정 대출금리, ,3, ,201501
427,연%,2.6.한국은행 기준금리 및 여수신금리,0104000,098Y001, , ,자금조정 대출금리, ,3, ,201502
428,연%,2.6.한국은행 기준금리 및 여수신금리,0104000,098Y001, , ,자금조정 대출금리, ,2.75, ,201503
429,연%,2.6.한국은행 기준금리 및 여수신금리,0104000,098Y001, , ,자금조정 대출금리, ,2.75, ,201504
430,연%,2.6.한국은행 기준금리 및 여수신금리,0104000,098Y001, , ,자금조정 대출금리, ,2.75, ,201505
431,연%,2.6.한국은행 기준금리 및 여수신금리,0104000,098Y001, , ,자금조정 대출금리, ,2.5, ,201506
432,연%,2.6.한국은행 기준금리 및 여수신금리,0104000,098Y001, , ,자금조정 대출금리, ,2.5, ,201507
433,연%,2.6.한국은행 기준금리 및 여수신금리,0104000,098Y001, , ,자금조정 대출금리, ,2.5, ,201508
434,연%,2.6.한국은행 기준금리 및 여수신금리,0104000,098Y001, , ,자금조정 대출금리, ,2.5, ,201509
435,연%,2.6.한국은행 기준금리 및 여수신금리,0104000,098Y001, , ,자금조정 대출금리, ,2.5, ,201510
436,연%,2.6.한국은행 기준금리 및 여수신금리,0104000,098Y001, , ,자금조정 대출금리, ,2.5, ,201511
437,연%,2.6.한국은행 기준금리 및 여수신금리,0104000,098Y001, , ,자금조정 대출금리, ,2.5, ,201512
438,연%,2.6.한국은행 기준금리 및 여수신금리,0104000,098Y001, , ,자금조정 대출금리, ,2.5, ,201601
439,연%,2.6.한국은행 기준금리 및 여수신금리,0104000,098Y001, , ,자금조정 대출금리, ,2.5, ,201602
440,연%,2.6.한국은행 기준금리 및 여수신금리,0104000,098Y001, , ,자금조정 대출금리, ,2.5, ,201603
441,연%,2.6.한국은행 기준금리 및 여수신금리,0104000,098Y001, , ,자금조정 대출금리, ,2.5, ,201604
442,연%,2.6.한국은행 기준금리 및 여수신금리,0104000,098Y001, , ,자금조정 대출금리, ,2.5, ,201605
443,연%,2.6.한국은행 기준금리 및 여수신금리,0104000,098Y001, , ,자금조정 대출금리, ,2.25, ,201606
444,연%,2.6.한국은행 기준금리 및 여수신금리,0104000,098Y001, , ,자금조정 대출금리, ,2.25, ,201607
445,연%,2.6.한국은행 기준금리 및 여수신금리,0104000,098Y001, , ,자금조정 대출금리, ,2.25, ,201608
446,연%,2.6.한국은행 기준금리 및 여수신금리,0104000,098Y001, , ,자금조정 대출금리, ,2.25, ,201609
447,연%,2.6.한국은행 기준금리 및 여수신금리,0104000,098Y001, , ,자금조정 대출금리, ,2.25, ,201610
448,연%,2.6.한국은행 기준금리 및 여수신금리,0104000,098Y001, , ,자금조정 대출금리, ,2.25, ,201611
449,연%,2.6.한국은행 기준금리 및 여수신금리,0104000,098Y001, , ,자금조정 대출금리, ,2.25, ,201612
450,연%,2.6.한국은행 기준금리 및 여수신금리,0104000,098Y001, , ,자금조정 대출금리, ,2.25, ,201701
451,연%,2.6.한국은행 기준금리 및 여수신금리,0104000,098Y001, , ,자금조정 대출금리, ,2.25, ,201702
452,연%,2.6.한국은행 기준금리 및 여수신금리,0104000,098Y001, , ,자금조정 대출금리, ,2.25, ,201703
453,연%,2.6.한국은행 기준금리 및 여수신금리,0104000,098Y001, , ,자금조정 대출금리, ,2.25, ,201704
454,연%,2.6.한국은행 기준금리 및 여수신금리,0104000,098Y001, , ,자금조정 대출금리, ,2.25, ,201705
455,연%,2.6.한국은행 기준금리 및 여수신금리,0104000,098Y001, , ,자금조정 대출금리, ,2.25, ,201706
456,연%,2.6.한국은행 기준금리 및 여수신금리,0104000,098Y001, , ,자금조정 대출금리, ,2.25, ,201707
457,연%,2.6.한국은행 기준금리 및 여수신금리,0104000,098Y001, , ,자금조정 대출금리, ,2.25, ,201708
458,연%,2.6.한국은행 기준금리 및 여수신금리,0104000,098Y001, , ,자금조정 대출금리, ,2.25, ,201709
459,연%,2.6.한국은행 기준금리 및 여수신금리,0104000,098Y001, , ,자금조정 대출금리, ,2.25, ,201710
460,연%,2.6.한국은행 기준금리 및 여수신금리,0104000,098Y001, , ,자금조정 대출금리, ,2.5, ,201711
461,연%,2.6.한국은행 기준금리 및 여수신금리,0104000,098Y001, , ,자금조정 대출금리, ,2.5, ,201712
462,연%,2.6.한국은행 기준금리 및 여수신금리,0104000,098Y001, , ,자금조정 대출금리, ,2.5, ,201801
463,연%,2.6.한국은행 기준금리 및 여수신금리,0104000,098Y001, , ,자금조정 대출금리, ,2.5, ,201802
464,연%,2.6.한국은행 기준금리 및 여수신금리,0104000,098Y001, , ,자금조정 대출금리, ,2.5, ,201803
465,연%,2.6.한국은행 기준금리 및 여수신금리,0104000,098Y001, , ,자금조정 대출금리, ,2.5, ,201804
466,연%,2.6.한국은행 기준금리 및 여수신금리,0104000,098Y001, , ,자금조정 대출금리, ,2.5, ,201805
467,연%,2.6.한국은행 기준금리 및 여수신금리,0104000,098Y001, , ,자금조정 대출금리, ,2.5, ,201806
468,연%,2.6.한국은행 기준금리 및 여수신금리,0104000,098Y001, , ,자금조정 대출금리, ,2.5, ,201807
469,연%,2.6.한국은행 기준금리 및 여수신금리,0104000,098Y001, , ,자금조정 대출금리, ,2.5, ,201808
470,연%,2.6.한국은행 기준금리 및 여수신금리,0104000,098Y001, , ,자금조정 대출금리, ,2.5, ,201809
471,연%,2.6.한국은행 기준금리 및 여수신금리,0104000,098Y001, , ,자금조정 대출금리, ,2.5, ,201810
472,연%,2.6.한국은행 기준금리 및 여수신금리,0104000,098Y001, , ,자금조정 대출금리, ,2.75, ,201811
473,연%,2.6.한국은행 기준금리 및 여수신금리,0104000,098Y001, , ,자금조정 대출금리, ,2.75, ,201812
474,연%,2.6.한국은행 기준금리 및 여수신금리,0104000,098Y001, , ,자금조정 대출금리, ,2.75, ,201901
475,연%,2.6.한국은행 기준금리 및 여수신금리,0104000,098Y001, , ,자금조정 대출금리, ,2.75, ,201902
476,연%,2.6.한국은행 기준금리 및 여수신금리,0104000,098Y001, , ,자금조정 대출금리, ,2.75, ,201903
477,연%,2.6.한국은행 기준금리 및 여수신금리,0104000,098Y001, , ,자금조정 대출금리, ,2.75, ,201904
478,연%,2.6.한국은행 기준금리 및 여수신금리,0104000,098Y001, , ,자금조정 대출금리, ,2.75, ,201905
479,연%,2.6.한국은행 기준금리 및 여수신금리,0104000,098Y001, , ,자금조정 대출금리, ,2.75, ,201906
480,연%,2.6.한국은행 기준금리 및 여수신금리,0104000,098Y001, , ,자금조정 대출금리, ,2.5, ,201907
481,연%,2.6.한국은행 기준금리 및 여수신금리,0104000,098Y001, , ,자금조정 대출금리, ,2.5, ,201908
482,연%,2.6.한국은행 기준금리 및 여수신금리,0104000,098Y001, , ,자금조정 대출금리, ,2.5, ,201909
483,연%,2.6.한국은행 기준금리 및 여수신금리,0104000,098Y001, , ,자금조정 대출금리, ,2.25, ,201910
484,연%,2.6.한국은행 기준금리 및 여수신금리,0104000,098Y001, , ,자금조정 대출금리, ,2.25, ,201911
485,연%,2.6.한국은행 기준금리 및 여수신금리,0104000,098Y001, , ,자금조정 대출금리, ,2.25, ,201912
486,연%,2.6.한국은행 기준금리 및 여수신금리,0105000,098Y001, , ,자금조정 예금금리, ,1, ,201501
487,연%,2.6.한국은행 기준금리 및 여수신금리,0105000,098Y001, , ,자금조정 예금금리, ,1, ,201502
488,연%,2.6.한국은행 기준금리 및 여수신금리,0105000,098Y001, , ,자금조정 예금금리, ,0.75, ,201503
489,연%,2.6.한국은행 기준금리 및 여수신금리,0105000,098Y001, , ,자금조정 예금금리, ,0.75, ,201504
490,연%,2.6.한국은행 기준금리 및 여수신금리,0105000,098Y001, , ,자금조정 예금금리, ,0.75, ,201505
491,연%,2.6.한국은행 기준금리 및 여수신금리,0105000,098Y001, , ,자금조정 예금금리, ,0.5, ,201506
492,연%,2.6.한국은행 기준금리 및 여수신금리,0105000,098Y001, , ,자금조정 예금금리, ,0.5, ,201507
493,연%,2.6.한국은행 기준금리 및 여수신금리,0105000,098Y001, , ,자금조정 예금금리, ,0.5, ,201508
494,연%,2.6.한국은행 기준금리 및 여수신금리,0105000,098Y001, , ,자금조정 예금금리, ,0.5, ,201509
495,연%,2.6.한국은행 기준금리 및 여수신금리,0105000,098Y001, , ,자금조정 예금금리, ,0.5, ,201510
496,연%,2.6.한국은행 기준금리 및 여수신금리,0105000,098Y001, , ,자금조정 예금금리, ,0.5, ,201511
497,연%,2.6.한국은행 기준금리 및 여수신금리,0105000,098Y001, , ,자금조정 예금금리, ,0.5, ,201512
498,연%,2.6.한국은행 기준금리 및 여수신금리,0105000,098Y001, , ,자금조정 예금금리, ,0.5, ,201601
499,연%,2.6.한국은행 기준금리 및 여수신금리,0105000,098Y001, , ,자금조정 예금금리, ,0.5, ,201602
500,연%,2.6.한국은행 기준금리 및 여수신금리,0105000,098Y001, , ,자금조정 예금금리, ,0.5, ,201603
501,연%,2.6.한국은행 기준금리 및 여수신금리,0105000,098Y001, , ,자금조정 예금금리, ,0.5, ,201604
502,연%,2.6.한국은행 기준금리 및 여수신금리,0105000,098Y001, , ,자금조정 예금금리, ,0.5, ,201605
503,연%,2.6.한국은행 기준금리 및 여수신금리,0105000,098Y001, , ,자금조정 예금금리, ,0.25, ,201606
504,연%,2.6.한국은행 기준금리 및 여수신금리,0105000,098Y001, , ,자금조정 예금금리, ,0.25, ,201607
505,연%,2.6.한국은행 기준금리 및 여수신금리,0105000,098Y001, , ,자금조정 예금금리, ,0.25, ,201608
506,연%,2.6.한국은행 기준금리 및 여수신금리,0105000,098Y001, , ,자금조정 예금금리, ,0.25, ,201609
507,연%,2.6.한국은행 기준금리 및 여수신금리,0105000,098Y001, , ,자금조정 예금금리, ,0.25, ,201610
508,연%,2.6.한국은행 기준금리 및 여수신금리,0105000,098Y001, , ,자금조정 예금금리, ,0.25, ,201611
509,연%,2.6.한국은행 기준금리 및 여수신금리,0105000,098Y001, , ,자금조정 예금금리, ,0.25, ,201612
510,연%,2.6.한국은행 기준금리 및 여수신금리,0105000,098Y001, , ,자금조정 예금금리, ,0.25, ,201701
511,연%,2.6.한국은행 기준금리 및 여수신금리,0105000,098Y001, , ,자금조정 예금금리, ,0.25, ,201702
512,연%,2.6.한국은행 기준금리 및 여수신금리,0105000,098Y001, , ,자금조정 예금금리, ,0.25, ,201703
513,연%,2.6.한국은행 기준금리 및 여수신금리,0105000,098Y001, , ,자금조정 예금금리, ,0.25, ,201704
514,연%,2.6.한국은행 기준금리 및 여수신금리,0105000,098Y001, , ,자금조정 예금금리, ,0.25, ,201705
515,연%,2.6.한국은행 기준금리 및 여수신금리,0105000,098Y001, , ,자금조정 예금금리, ,0.25, ,201706
516,연%,2.6.한국은행 기준금리 및 여수신금리,0105000,098Y001, , ,자금조정 예금금리, ,0.25, ,201707
517,연%,2.6.한국은행 기준금리 및 여수신금리,0105000,098Y001, , ,자금조정 예금금리, ,0.25, ,201708
518,연%,2.6.한국은행 기준금리 및 여수신금리,0105000,098Y001, , ,자금조정 예금금리, ,0.25, ,201709
519,연%,2.6.한국은행 기준금리 및 여수신금리,0105000,098Y001, , ,자금조정 예금금리, ,0.25, ,201710
520,연%,2.6.한국은행 기준금리 및 여수신금리,0105000,098Y001, , ,자금조정 예금금리, ,0.5, ,201711
521,연%,2.6.한국은행 기준금리 및 여수신금리,0105000,098Y001, , ,자금조정 예금금리, ,0.5, ,201712
522,연%,2.6.한국은행 기준금리 및 여수신금리,0105000,098Y001, , ,자금조정 예금금리, ,0.5, ,201801
523,연%,2.6.한국은행 기준금리 및 여수신금리,0105000,098Y001, , ,자금조정 예금금리, ,0.5, ,201802
524,연%,2.6.한국은행 기준금리 및 여수신금리,0105000,098Y001, , ,자금조정 예금금리, ,0.5, ,201803
525,연%,2.6.한국은행 기준금리 및 여수신금리,0105000,098Y001, , ,자금조정 예금금리, ,0.5, ,201804
526,연%,2.6.한국은행 기준금리 및 여수신금리,0105000,098Y001, , ,자금조정 예금금리, ,0.5, ,201805
527,연%,2.6.한국은행 기준금리 및 여수신금리,0105000,098Y001, , ,자금조정 예금금리, ,0.5, ,201806
528,연%,2.6.한국은행 기준금리 및 여수신금리,0105000,098Y001, , ,자금조정 예금금리, ,0.5, ,201807
529,연%,2.6.한국은행 기준금리 및 여수신금리,0105000,098Y001, , ,자금조정 예금금리, ,0.5, ,201808
530,연%,2.6.한국은행 기준금리 및 여수신금리,0105000,098Y001, , ,자금조정 예금금리, ,0.5, ,201809
531,연%,2.6.한국은행 기준금리 및 여수신금리,0105000,098Y001, , ,자금조정 예금금리, ,0.5, ,201810
532,연%,2.6.한국은행 기준금리 및 여수신금리,0105000,098Y001, , ,자금조정 예금금리, ,0.75, ,201811
533,연%,2.6.한국은행 기준금리 및 여수신금리,0105000,098Y001, , ,자금조정 예금금리, ,0.75, ,201812
534,연%,2.6.한국은행 기준금리 및 여수신금리,0105000,098Y001, , ,자금조정 예금금리, ,0.75, ,201901
535,연%,2.6.한국은행 기준금리 및 여수신금리,0105000,098Y001, , ,자금조정 예금금리, ,0.75, ,201902
536,연%,2.6.한국은행 기준금리 및 여수신금리,0105000,098Y001, , ,자금조정 예금금리, ,0.75, ,201903
537,연%,2.6.한국은행 기준금리 및 여수신금리,0105000,098Y001, , ,자금조정 예금금리, ,0.75, ,201904
538,연%,2.6.한국은행 기준금리 및 여수신금리,0105000,098Y001, , ,자금조정 예금금리, ,0.75, ,201905
539,연%,2.6.한국은행 기준금리 및 여수신금리,0105000,098Y001, , ,자금조정 예금금리, ,0.75, ,201906
540,연%,2.6.한국은행 기준금리 및 여수신금리,0105000,098Y001, , ,자금조정 예금금리, ,0.5, ,201907
541,연%,2.6.한국은행 기준금리 및 여수신금리,0105000,098Y001, , ,자금조정 예금금리, ,0.5, ,201908
542,연%,2.6.한국은행 기준금리 및 여수신금리,0105000,098Y001, , ,자금조정 예금금리, ,0.5, ,201909
543,연%,2.6.한국은행 기준금리 및 여수신금리,0105000,098Y001, , ,자금조정 예금금리, ,0.25, ,201910
544,연%,2.6.한국은행 기준금리 및 여수신금리,0105000,098Y001, , ,자금조정 예금금리, ,0.25, ,201911
545,연%,2.6.한국은행 기준금리 및 여수신금리,0105000,098Y001, , ,자금조정 예금금리, ,0.25, ,201912
